[
{
  "model": "admin.logentry",
  "pk": 1,
  "fields": {
    "action_time": "2023-08-06T09:02:50.682Z",
    "user": 1,
    "content_type": 7,
    "object_id": "1",
    "object_repr": "Аналитики Считают, Что Предложенные Китаем Ограничения На Использование Детьми Смартфонов Вряд Ли Повредят Tencent И ByteDance",
    "action_flag": 1,
    "change_message": "[{\"added\": {}}]"
  }
},
{
  "model": "admin.logentry",
  "pk": 2,
  "fields": {
    "action_time": "2023-08-06T09:04:59.460Z",
    "user": 1,
    "content_type": 7,
    "object_id": "1",
    "object_repr": "Аналитики Считают, Что Предложенные Китаем Ограничения На Использование Детьми Смартфонов Вряд Ли Повредят Tencent И ByteDance",
    "action_flag": 2,
    "change_message": "[{\"changed\": {\"fields\": [\"Tags\"]}}]"
  }
},
{
  "model": "admin.logentry",
  "pk": 3,
  "fields": {
    "action_time": "2023-08-06T09:06:36.097Z",
    "user": 1,
    "content_type": 7,
    "object_id": "2",
    "object_repr": "По Словам Аналитиков, Главный Дипломат Китая Ван И – Лучшая Надежда На То, Что Встреча Си И Байдена Состоится",
    "action_flag": 1,
    "change_message": "[{\"added\": {}}]"
  }
},
{
  "model": "admin.logentry",
  "pk": 4,
  "fields": {
    "action_time": "2023-08-06T09:08:15.543Z",
    "user": 1,
    "content_type": 7,
    "object_id": "3",
    "object_repr": "Июльские Экономические Потери Китая От Стихийных Бедствий Превышают Январь-Июнь",
    "action_flag": 1,
    "change_message": "[{\"added\": {}}]"
  }
},
{
  "model": "admin.logentry",
  "pk": 5,
  "fields": {
    "action_time": "2023-08-06T09:09:30.492Z",
    "user": 1,
    "content_type": 7,
    "object_id": "4",
    "object_repr": "Temu Борется С Amazon И Shein За Уставших От Инфляции Американских Покупателей",
    "action_flag": 1,
    "change_message": "[{\"added\": {}}]"
  }
},
{
  "model": "admin.logentry",
  "pk": 6,
  "fields": {
    "action_time": "2023-08-06T09:11:04.896Z",
    "user": 1,
    "content_type": 7,
    "object_id": "5",
    "object_repr": "Указ Байдена О Сдерживании Инвестиций В Китай Ожидается На Следующей Неделе — Источники",
    "action_flag": 1,
    "change_message": "[{\"added\": {}}]"
  }
},
{
  "model": "admin.logentry",
  "pk": 7,
  "fields": {
    "action_time": "2023-08-06T09:40:50.295Z",
    "user": 1,
    "content_type": 7,
    "object_id": "6",
    "object_repr": "Материковый Китай Показал Документальный Фильм, Свидетельствующий О Военной Подготовке К Нападению На Тайвань И Готовности Пойти На Жертвы",
    "action_flag": 1,
    "change_message": "[{\"added\": {}}]"
  }
},
{
  "model": "admin.logentry",
  "pk": 8,
  "fields": {
    "action_time": "2023-08-06T12:06:49.071Z",
    "user": 1,
    "content_type": 8,
    "object_id": "4",
    "object_repr": "Comment by ПУПС2 on Июльские Экономические Потери Китая От Стихийных Бедствий Превышают Январь-Июнь",
    "action_flag": 3,
    "change_message": ""
  }
},
{
  "model": "admin.logentry",
  "pk": 9,
  "fields": {
    "action_time": "2023-08-06T12:36:04.728Z",
    "user": 1,
    "content_type": 7,
    "object_id": "7",
    "object_repr": "markdown post",
    "action_flag": 1,
    "change_message": "[{\"added\": {}}]"
  }
},
{
  "model": "admin.logentry",
  "pk": 10,
  "fields": {
    "action_time": "2023-08-06T12:36:49.058Z",
    "user": 1,
    "content_type": 7,
    "object_id": "7",
    "object_repr": "markdown post",
    "action_flag": 2,
    "change_message": "[{\"changed\": {\"fields\": [\"Body\"]}}]"
  }
},
{
  "model": "admin.logentry",
  "pk": 11,
  "fields": {
    "action_time": "2023-08-06T12:58:38.809Z",
    "user": 1,
    "content_type": 11,
    "object_id": "1",
    "object_repr": "localhost:8000",
    "action_flag": 2,
    "change_message": "[{\"changed\": {\"fields\": [\"Domain name\", \"Display name\"]}}]"
  }
},
{
  "model": "admin.logentry",
  "pk": 12,
  "fields": {
    "action_time": "2023-08-06T13:15:25.684Z",
    "user": 1,
    "content_type": 7,
    "object_id": "1",
    "object_repr": "Аналитики Считают, Что Предложенные Китаем Ограничения На Использование Детьми Смартфонов Вряд Ли Повредят Tencent И ByteDance",
    "action_flag": 2,
    "change_message": "[]"
  }
},
{
  "model": "admin.logentry",
  "pk": 13,
  "fields": {
    "action_time": "2023-08-06T13:15:50.391Z",
    "user": 1,
    "content_type": 7,
    "object_id": "1",
    "object_repr": "Аналитики Считают, Что Предложенные Китаем Ограничения На Использование Детьми Смартфонов Вряд Ли Повредят Tencent И ByteDance",
    "action_flag": 2,
    "change_message": "[{\"changed\": {\"fields\": [\"Publish\"]}}]"
  }
},
{
  "model": "auth.permission",
  "pk": 1,
  "fields": {
    "name": "Can add log entry",
    "content_type": 1,
    "codename": "add_logentry"
  }
},
{
  "model": "auth.permission",
  "pk": 2,
  "fields": {
    "name": "Can change log entry",
    "content_type": 1,
    "codename": "change_logentry"
  }
},
{
  "model": "auth.permission",
  "pk": 3,
  "fields": {
    "name": "Can delete log entry",
    "content_type": 1,
    "codename": "delete_logentry"
  }
},
{
  "model": "auth.permission",
  "pk": 4,
  "fields": {
    "name": "Can view log entry",
    "content_type": 1,
    "codename": "view_logentry"
  }
},
{
  "model": "auth.permission",
  "pk": 5,
  "fields": {
    "name": "Can add permission",
    "content_type": 2,
    "codename": "add_permission"
  }
},
{
  "model": "auth.permission",
  "pk": 6,
  "fields": {
    "name": "Can change permission",
    "content_type": 2,
    "codename": "change_permission"
  }
},
{
  "model": "auth.permission",
  "pk": 7,
  "fields": {
    "name": "Can delete permission",
    "content_type": 2,
    "codename": "delete_permission"
  }
},
{
  "model": "auth.permission",
  "pk": 8,
  "fields": {
    "name": "Can view permission",
    "content_type": 2,
    "codename": "view_permission"
  }
},
{
  "model": "auth.permission",
  "pk": 9,
  "fields": {
    "name": "Can add group",
    "content_type": 3,
    "codename": "add_group"
  }
},
{
  "model": "auth.permission",
  "pk": 10,
  "fields": {
    "name": "Can change group",
    "content_type": 3,
    "codename": "change_group"
  }
},
{
  "model": "auth.permission",
  "pk": 11,
  "fields": {
    "name": "Can delete group",
    "content_type": 3,
    "codename": "delete_group"
  }
},
{
  "model": "auth.permission",
  "pk": 12,
  "fields": {
    "name": "Can view group",
    "content_type": 3,
    "codename": "view_group"
  }
},
{
  "model": "auth.permission",
  "pk": 13,
  "fields": {
    "name": "Can add user",
    "content_type": 4,
    "codename": "add_user"
  }
},
{
  "model": "auth.permission",
  "pk": 14,
  "fields": {
    "name": "Can change user",
    "content_type": 4,
    "codename": "change_user"
  }
},
{
  "model": "auth.permission",
  "pk": 15,
  "fields": {
    "name": "Can delete user",
    "content_type": 4,
    "codename": "delete_user"
  }
},
{
  "model": "auth.permission",
  "pk": 16,
  "fields": {
    "name": "Can view user",
    "content_type": 4,
    "codename": "view_user"
  }
},
{
  "model": "auth.permission",
  "pk": 17,
  "fields": {
    "name": "Can add content type",
    "content_type": 5,
    "codename": "add_contenttype"
  }
},
{
  "model": "auth.permission",
  "pk": 18,
  "fields": {
    "name": "Can change content type",
    "content_type": 5,
    "codename": "change_contenttype"
  }
},
{
  "model": "auth.permission",
  "pk": 19,
  "fields": {
    "name": "Can delete content type",
    "content_type": 5,
    "codename": "delete_contenttype"
  }
},
{
  "model": "auth.permission",
  "pk": 20,
  "fields": {
    "name": "Can view content type",
    "content_type": 5,
    "codename": "view_contenttype"
  }
},
{
  "model": "auth.permission",
  "pk": 21,
  "fields": {
    "name": "Can add session",
    "content_type": 6,
    "codename": "add_session"
  }
},
{
  "model": "auth.permission",
  "pk": 22,
  "fields": {
    "name": "Can change session",
    "content_type": 6,
    "codename": "change_session"
  }
},
{
  "model": "auth.permission",
  "pk": 23,
  "fields": {
    "name": "Can delete session",
    "content_type": 6,
    "codename": "delete_session"
  }
},
{
  "model": "auth.permission",
  "pk": 24,
  "fields": {
    "name": "Can view session",
    "content_type": 6,
    "codename": "view_session"
  }
},
{
  "model": "auth.permission",
  "pk": 25,
  "fields": {
    "name": "Can add post",
    "content_type": 7,
    "codename": "add_post"
  }
},
{
  "model": "auth.permission",
  "pk": 26,
  "fields": {
    "name": "Can change post",
    "content_type": 7,
    "codename": "change_post"
  }
},
{
  "model": "auth.permission",
  "pk": 27,
  "fields": {
    "name": "Can delete post",
    "content_type": 7,
    "codename": "delete_post"
  }
},
{
  "model": "auth.permission",
  "pk": 28,
  "fields": {
    "name": "Can view post",
    "content_type": 7,
    "codename": "view_post"
  }
},
{
  "model": "auth.permission",
  "pk": 29,
  "fields": {
    "name": "Can add comment",
    "content_type": 8,
    "codename": "add_comment"
  }
},
{
  "model": "auth.permission",
  "pk": 30,
  "fields": {
    "name": "Can change comment",
    "content_type": 8,
    "codename": "change_comment"
  }
},
{
  "model": "auth.permission",
  "pk": 31,
  "fields": {
    "name": "Can delete comment",
    "content_type": 8,
    "codename": "delete_comment"
  }
},
{
  "model": "auth.permission",
  "pk": 32,
  "fields": {
    "name": "Can view comment",
    "content_type": 8,
    "codename": "view_comment"
  }
},
{
  "model": "auth.permission",
  "pk": 33,
  "fields": {
    "name": "Can add tag",
    "content_type": 9,
    "codename": "add_tag"
  }
},
{
  "model": "auth.permission",
  "pk": 34,
  "fields": {
    "name": "Can change tag",
    "content_type": 9,
    "codename": "change_tag"
  }
},
{
  "model": "auth.permission",
  "pk": 35,
  "fields": {
    "name": "Can delete tag",
    "content_type": 9,
    "codename": "delete_tag"
  }
},
{
  "model": "auth.permission",
  "pk": 36,
  "fields": {
    "name": "Can view tag",
    "content_type": 9,
    "codename": "view_tag"
  }
},
{
  "model": "auth.permission",
  "pk": 37,
  "fields": {
    "name": "Can add tagged item",
    "content_type": 10,
    "codename": "add_taggeditem"
  }
},
{
  "model": "auth.permission",
  "pk": 38,
  "fields": {
    "name": "Can change tagged item",
    "content_type": 10,
    "codename": "change_taggeditem"
  }
},
{
  "model": "auth.permission",
  "pk": 39,
  "fields": {
    "name": "Can delete tagged item",
    "content_type": 10,
    "codename": "delete_taggeditem"
  }
},
{
  "model": "auth.permission",
  "pk": 40,
  "fields": {
    "name": "Can view tagged item",
    "content_type": 10,
    "codename": "view_taggeditem"
  }
},
{
  "model": "auth.permission",
  "pk": 41,
  "fields": {
    "name": "Can add site",
    "content_type": 11,
    "codename": "add_site"
  }
},
{
  "model": "auth.permission",
  "pk": 42,
  "fields": {
    "name": "Can change site",
    "content_type": 11,
    "codename": "change_site"
  }
},
{
  "model": "auth.permission",
  "pk": 43,
  "fields": {
    "name": "Can delete site",
    "content_type": 11,
    "codename": "delete_site"
  }
},
{
  "model": "auth.permission",
  "pk": 44,
  "fields": {
    "name": "Can view site",
    "content_type": 11,
    "codename": "view_site"
  }
},
{
  "model": "auth.user",
  "pk": 1,
  "fields": {
    "password": "pbkdf2_sha256$600000$ba8LwFNGJZZcPwUeiUSESg$W9Nqpz/b2iPxhkZxOCoNomJPpka6jGiYNjeNq8yLEm4=",
    "last_login": "2023-08-06T05:26:05.323Z",
    "is_superuser": true,
    "username": "admin",
    "first_name": "",
    "last_name": "",
    "email": "admin@mail.ru",
    "is_staff": true,
    "is_active": true,
    "date_joined": "2023-08-06T05:25:57.936Z",
    "groups": [],
    "user_permissions": []
  }
},
{
  "model": "contenttypes.contenttype",
  "pk": 1,
  "fields": {
    "app_label": "admin",
    "model": "logentry"
  }
},
{
  "model": "contenttypes.contenttype",
  "pk": 2,
  "fields": {
    "app_label": "auth",
    "model": "permission"
  }
},
{
  "model": "contenttypes.contenttype",
  "pk": 3,
  "fields": {
    "app_label": "auth",
    "model": "group"
  }
},
{
  "model": "contenttypes.contenttype",
  "pk": 4,
  "fields": {
    "app_label": "auth",
    "model": "user"
  }
},
{
  "model": "contenttypes.contenttype",
  "pk": 5,
  "fields": {
    "app_label": "contenttypes",
    "model": "contenttype"
  }
},
{
  "model": "contenttypes.contenttype",
  "pk": 6,
  "fields": {
    "app_label": "sessions",
    "model": "session"
  }
},
{
  "model": "contenttypes.contenttype",
  "pk": 7,
  "fields": {
    "app_label": "blog",
    "model": "post"
  }
},
{
  "model": "contenttypes.contenttype",
  "pk": 8,
  "fields": {
    "app_label": "blog",
    "model": "comment"
  }
},
{
  "model": "contenttypes.contenttype",
  "pk": 9,
  "fields": {
    "app_label": "taggit",
    "model": "tag"
  }
},
{
  "model": "contenttypes.contenttype",
  "pk": 10,
  "fields": {
    "app_label": "taggit",
    "model": "taggeditem"
  }
},
{
  "model": "contenttypes.contenttype",
  "pk": 11,
  "fields": {
    "app_label": "sites",
    "model": "site"
  }
},
{
  "model": "sessions.session",
  "pk": "w5ufg7c52zxgkp0yabjafxqa6ul8yfmb",
  "fields": {
    "session_data": ".eJxVjDkOwjAURO_iGlneEjuU9DmD9RebBJAtxUmFuDuJlAKKad68mbeIsK1T3Fpa4sziKrS4_DIEeqZyFPyAcq-SalmXGeWhyLNtcqycXrfT_TuYoE372ppA3HHag9p2DjC4joAUkQ8mK4VskPVg7GB7A36nymdHoIfeZ1Li8wX4PDgj:1qSWHF:YT0z9CgRxoOE0OZTqpQZeGFesG6FeaVaGo-iyKLslJg",
    "expire_date": "2023-08-20T05:26:05.327Z"
  }
},
{
  "model": "blog.post",
  "pk": 1,
  "fields": {
    "title": "Аналитики Считают, Что Предложенные Китаем Ограничения На Использование Детьми Смартфонов Вряд Ли Повредят Tencent И ByteDance",
    "slug": "analitiki-schitayut-chto-predlozhennye-kitaem-ogranicheniya-na-ispolzovanie-detmi-smartfonov-vryad-li-povredyat-tencent-i-bytedance",
    "body": "По мнению аналитиков, последний предложенный Китаем закон о борьбе с интернет-зависимостью, который направлен на ограничение использования смартфонов несовершеннолетними до двух часов в день, вряд ли нанесет серьезный удар по чистой прибыли китайских крупных технологических компаний.\r\n\r\nВ рамках усилий Пекина по предотвращению прилипания детей к электронным гаджетам Управление киберпространства Китая (CAC) ранее на этой неделе опубликовало проект правил , требующих от производителей устройств и магазинов приложений предоставлять пользователям возможность развертывания различных «второстепенных режимов».\r\n\r\nСмартфон в второстепенном режиме будет ограничивать использование до 40 минут в день для детей до 8 лет, одного часа в день для детей в возрасте от 8 до 15 лет и двух часов в день для детей в возрасте 16 и 17 лет. Дополнительное использование потребует вмешательства родителей.\r\n\r\nПредлагаемое регулирование, которое открыто для публичных консультаций до 2 сентября, возлагает ответственность на производителей устройств и операторов магазинов приложений по ограничению времени использования экрана несовершеннолетними, но влияние на бизнес будет ограниченным, по словам Чжан Диндин, обозревателя интернет-индустрии и бывшего главы. пекинской исследовательской фирмы Sootoo Institute.\r\n\r\nПричина в том, что фирмы, занимающиеся видеоиграми и социальными сетями, такие как Tencent Holdings и владелец Douyin ByteDance, уже зарабатывают большую часть своих денег на взрослых пользователях, сказал Чжан, после того как Китай ввел одни из самых строгих в мире ограничений на видеоигры для несовершеннолетних.\r\n\r\nЛетом 2021 года китайские власти ввели правила , согласно которым несовершеннолетние могут играть в онлайн-игры только с 20:00 до 21:00 в пятницу, субботу и воскресенье. К первому кварталу 2023 года Tencent сообщила, что на долю игроков моложе 18 лет приходилось лишь 0,4% общего времени, потраченного на внутренние игры, и 0,7% валовой выручки.\r\n\r\nЧжан Шуле, аналитик CBJ Think Tank, согласился с тем, что влияние нового проекта правил на отрасль будет минимальным. «Игровая индустрия уже жестко регулируется, и компании внедряют строгие правила. Также существуют правила, предотвращающие чрезмерное использование коротких видеороликов и онлайн-обучения», — сказал Чжан.\r\n\r\nЧто касается производителей оборудования, то многие уже установили на свои устройства функции родительского контроля.\r\n\r\nApple, например, позволяет родителям блокировать или ограничивать определенные приложения и функции на устройствах своих детей или запрещать им устанавливать или удалять приложения или совершать покупки в приложениях.\r\n\r\niPhone и iPad могут автоматически отфильтровывать нежелательный веб-контент в браузере Safari, а также в других приложениях. По словам Apple, родители также могут добавлять определенные веб-сайты в список разрешенных или заблокированных или ограничивать доступ только к определенным веб-сайтам.\r\n\r\nКитайский бренд смартфонов Xiaomi в настоящее время позволяет родителям контролировать, к каким приложениям их ребенок может получить доступ на своих устройствах, согласно инструкции по эксплуатации. Родители также могут удалять приложения удаленно, хотя это действие нельзя отменить, и компания советует родителям поговорить со своими детьми, прежде чем делать это.\r\n\r\nПо словам Ли Чэндуна, основателя пекинской консалтинговой компании Dolphin, несмотря на множество функций, предназначенных для защиты детей от доступа к вредоносному онлайн-контенту, подростки все же могут найти обходные пути, такие как загрузка приложений через незащищенные веб-сайты, а не из официальных магазинов приложений.\r\n\r\n«Интернет, несомненно, очень привлекателен для подростков… Поэтому я думаю, что [ограничение доступа несовершеннолетних] все еще будет тяжелой работой, но, конечно, наличие некоторых правил определенно лучше, чем их отсутствие», — сказал он.",
    "publish": "2023-08-06T13:15:49Z",
    "created": "2023-08-06T09:02:50.674Z",
    "updated": "2023-08-06T13:15:50.388Z",
    "status": "PD",
    "author": 1
  }
},
{
  "model": "blog.post",
  "pk": 2,
  "fields": {
    "title": "По Словам Аналитиков, Главный Дипломат Китая Ван И – Лучшая Надежда На То, Что Встреча Си И Байдена Состоится",
    "slug": "po-slovam-analitikov-glavnyj-diplomat-kitaya-van-i-luchshaya-nadezhda-na-to-chto-vstrecha-si-i-bajdena-sostoitsya",
    "body": "По словам наблюдателей, главный дипломат Китая Ван И может стать лучшим кандидатом на то, чтобы заложить основу для потенциальной встречи между президентами США и Китая, когда он посетит Вашингтон.\r\n\r\nПредставитель Госдепартамента США Мэтью Миллер подтвердил во вторник, что Ван, министр иностранных дел Китая и глава внешнеполитического ведомства Коммунистической партии, был приглашен посетить Вашингтон, хотя дата еще не назначена.\r\n\r\nПриглашение было распространено во время встречи в понедельник между высокопоставленными американскими и китайскими дипломатами в Вашингтоне. Среди дипломатов были Ян Тао, глава министерства иностранных дел Китая по делам Северной Америки и Океании, и Дэниел Критенбринк, помощник госсекретаря США по делам Восточной Азии и Тихоокеанского региона.\r\n\r\nСША назвали переговоры «откровенными, предметными и продуктивными» и частью усилий по «поддержанию открытых линий связи и ответственному управлению двусторонними отношениями».\r\n\r\nМиллер сказал, что ранее приглашение было направлено Цинь Гану, бывшему министру иностранных дел Китая, который был внезапно отстранен от должности после исчезновения из поля зрения общественности в конце июня. Ван был повторно назначен министром иностранных дел в конце прошлого месяца после смещения Цинь.\r\n\r\nНа вопрос, принял ли Китай приглашение, Миллер сказал, что Вашингтон ожидал, что Пекин примет его, и что «это поездка, которую мы ожидаем».\r\n\r\nДипломатические наблюдатели отметили, что старшинство и влияние Вана в китайском правительстве означают, что он может оказать огромное влияние на Вашингтон и облегчить встречу между президентом Китая Си Цзиньпином и его американским коллегой Джо Байденом в конце этого года.\r\n\r\nСьюзан Ширк, профессор Калифорнийского университета в Сан-Диего и председатель его Китайского центра 21 века, сказала, что еще до смещения Цинь было очевидно, что Ван был «самым влиятельным советником Си по внешней политике».\r\n\r\nВан был назначен в прошлом году в Политбюро, высший политический орган Китая, и взял на себя роль главы внешнеполитического ведомства Коммунистической партии, что сделало его дипломатом № 1 в стране. Он занимал пост министра иностранных дел почти десять лет — во время первого и второго сроков Си — до того, как Цинь сменил его в декабре.\r\n\r\nПовторное назначение в прошлом месяце сделало Вана одним из самых влиятельных министров иностранных дел Китая за последние десятилетия.\r\n\r\n«Канал, который был установлен между ним и советником США по национальной безопасности Джейком Салливаном, имеет решающее значение для восстановления некоторого взаимного доверия в американо-китайских отношениях и, в частности, для создания основы для умеренно успешной встречи двух лидеров в АТЭС в ноябре», – сказал Ширк.\r\n\r\nСи и Байден встретились в кулуарах саммита Группы 20 на Бали в прошлом году, и возросли ожидания, что два лидера проведут аналогичную встречу в конце этого года на саммите Азиатско-Тихоокеанского экономического сотрудничества в Сан-Франциско.\r\n\r\nДэвид Арасе, постоянный профессор международной политики в Центре китайских и американских исследований Университета Джона Хопкинса и Нанкинского университета, сказал, что в дипломатическом календаре «нет более важного незавершенного дела», чем потенциальная встреча между Байденом и Си.\r\n\r\n«И на данный момент только Ван И имеет полномочия координировать такую ​​встречу», — сказал он.\r\n\r\nАрасе сказал, что Ван готовил и сопровождал Си на бесчисленных встречах с иностранными лидерами во время его предыдущего пребывания на посту министра иностранных дел, и руководители внешней политики Байдена хорошо его знают.\r\n\r\nОн добавил, что это контрастирует с послом Китая в США Се Фэном, который «новичок и не испытан в своей работе».\r\n\r\nДилан Ло, доцент кафедры внешней политики Наньянского технологического университета в Сингапуре, сказал, что вполне вероятно, что Ван сможет проложить путь к саммиту Си-Байдена в Вашингтоне, отметив, что он «определенно занимает достаточно высокое положение» в политической иерархии, чтобы координировать такую ​​встречу.\r\n\r\nЧжоу Бо, старший научный сотрудник Центра международной безопасности и стратегии Университета Цинхуа в Пекине, сказал, что если лидеры США и Китая решат посетить международный форум в конце этого года, они «обязательно встретятся».\r\n\r\nОн добавил, что важность поездки Вана будет «самоочевидной».\r\n\r\n«Великие державы, такие как Китай и США, должны часто навещать друг друга и обсуждать проблемы, если они возникают. Навещать друг друга всегда лучше, чем не навещать», — сказал он.\r\n\r\n«В Китай уже прибыл ряд высокопоставленных чиновников, и если министр иностранных дел Китая переедет, я воспринимаю это как естественный ход».\r\n\r\nВ рамках стремления возобновить связь и восстановить испорченные отношения в последние недели Пекин посетили высокопоставленные официальные лица США, в том числе министр финансов Джанет Йеллен и посланник по климату Джон Керри.\r\n\r\nБывший госсекретарь Генри Киссинджер, пожилой государственный деятель, проложивший путь к нормализации американо-китайских отношений в 1970-х годах, также был в Китае в прошлом месяце, где провел переговоры с Си.\r\n\r\nЛо сказал, что приглашение Вана не стало неожиданностью, учитывая, что оно также было направлено его предшественнику Цинь, и что Вашингтон хотел бы «восстановить дипломатический импульс» после таинственного исчезновения Цинь.",
    "publish": "2023-08-06T09:05:42Z",
    "created": "2023-08-06T09:06:36.090Z",
    "updated": "2023-08-06T09:06:36.090Z",
    "status": "PD",
    "author": 1
  }
},
{
  "model": "blog.post",
  "pk": 3,
  "fields": {
    "title": "Июльские Экономические Потери Китая От Стихийных Бедствий Превышают Январь-Июнь",
    "slug": "iyulskie-ekonomicheskie-poteri-kitaya-ot-stihijnyh-bedstvij-prevyshayut-yanvar-iyun",
    "body": "Прямые экономические потери Китая от стихийных бедствий в июле выросли до 41,18 млрд юаней (5,74 млрд долларов), что больше, чем за январь-июнь вместе взятые, из-за неблагоприятных погодных условий, когда на страну обрушились два мощных тайфуна за один месяц.\r\n\r\nПодписывайтесь на наш Telegram-канал: https://t.me/chinastocksnet\r\nПодписывайтесь на наш YouTube-канал: https://www.youtube.com/ChinaStocks\r\nВоздействие наводнений, хотя и распространенных в Китае летом, в этом году стало более заметным, затронув более 7 миллионов человек по всей стране в июле, когда на Пекин обрушились самые сильные дожди за 140 лет после самого жаркого июня в столице за всю историю наблюдений.\r\n\r\nВ августе, когда количество осадков обычно достигает пика, а летние температуры резко повышаются, ожидается дальнейшее экономическое воздействие наводнений и волн тепла. Китайский национальный синоптик предупредил, что в августе количество осадков в северо-восточных провинциях может быть на 50% выше нормы.\r\n\r\nИюльские потери от тайфуна «Талим», обрушившегося на юг Китая в середине месяца, составили 2,61 млрд юаней, а потери от более разрушительного «Доксури», остатки которого все еще ощущаются на северо-востоке Китая, достигли 14,74 млрд юаней по состоянию на конец июля, говорится в заявлении Министерства по чрезвычайным ситуациям в пятницу поздно вечером.\r\n\r\nОбщие потери, усугубленные ущербом от наводнений на юго-западе и северо-западе Китая, намного превысили 38,23 млрд юаней в первой половине 2023 года и неожиданно затормозили квартальный рост второй по величине экономики мира, которая уже нуждается в стимулах.\r\n\r\nВ северной провинции Хэбэй более 1,2 миллиона человек были эвакуированы по состоянию на среду из-за наводнения, вызванного остаточными дождями из Доксури.\r\n\r\nВ портовом городе Тяньцзинь, который граничит с Пекином и Хэбэем, местные власти эвакуировали около 66 000 человек, готовясь к затоплению рек вверх по течению.\r\n\r\nГлавный экономический планировщик Китая в пятницу выделил дополнительные 100 млн юаней на поддержку восстановления после стихийных бедствий в Тяньцзине и Хэбэе в дополнение к 100 млн юаней, объявленным в среду для Пекина и Хэбэя. В пятницу министерства финансов и водных ресурсов по отдельности также предложили 450 миллионов юаней на поддержку общих усилий по восстановлению.",
    "publish": "2023-08-06T09:07:18Z",
    "created": "2023-08-06T09:08:15.537Z",
    "updated": "2023-08-06T09:08:15.537Z",
    "status": "PD",
    "author": 1
  }
},
{
  "model": "blog.post",
  "pk": 4,
  "fields": {
    "title": "Temu Борется С Amazon И Shein За Уставших От Инфляции Американских Покупателей",
    "slug": "temu-boretsya-s-amazon-i-shein-za-ustavshih-ot-inflyacii-amerikanskih-pokupatelej",
    "body": "Китайская онлайн-платформа Temu быстро завоевывает позиции в США благодаря своим привлекательным сделкам, ведя борьбу с Amazon.com и конкурентом быстрой моды Shein за американских покупателей, столкнувшихся с высокой инфляцией.\r\n\r\nПодписывайтесь на наш Telegram-канал: https://t.me/chinastocksnet\r\nПодписывайтесь на наш YouTube-канал: https://www.youtube.com/ChinaStocks\r\nTemu, часть китайской группы электронной коммерции PDD Holdings, была запущена в США в сентябре прошлого года и с тех пор расширилась примерно до 30 стран, в том числе в Европе и Южной Америке. Недавно к этому списку добавились Япония и Южная Корея.\r\n\r\nПо данным американской консалтинговой фирмы Global Wireless Solutions, в июне у Temu было чуть более 75 миллионов пользователей в месяц в США, что составляет половину от общего числа пользователей Amazon. Пользователи проводят в приложении в среднем около 19 минут в день, по сравнению с 11 минутами на Amazon и 12 минутами на Shein.\r\n\r\n«Внедрение очарования витрин и мгновенных продаж — модели, которая годами приводила в действие розничную торговлю из кирпича и раствора — в мобильное приложение, явно оказалось успешной стратегией», — сказал Пол Картер, генеральный директор Global Wireless.\r\n\r\nЭхо, 30-летняя женщина, живущая в пригороде Сан-Франциско, начала пользоваться Temu в конце прошлого года и теперь предпочитает его Amazon при покупке предметов первой необходимости.\r\n\r\n«Доставка товаров занимает от 10 до 14 дней, но цены перевешивают неудобства», — сказала она. Некоторые товары продаются примерно за треть от цен на Amazon.\r\n\r\nСекрет низких цен Temu кроется в выстроенной в Китае цепочке поставок, которая дает небольшим компаниям доступ к электронной коммерции. Многие из предлагаемых продуктов аналогичны тем, которые можно найти на китайских онлайн-рынках, таких как Pinduoduo от PDD и Taobao от Alibaba Group Holding.\r\n\r\n«Мы были созданы, чтобы помогать малому и среднему китайскому бизнесу», — гласила вывеска на стенде Pinduoduo и Temu на торговой ярмарке в городе Чунцин, расположенном внутри страны, в мае.\r\n\r\nTemu, как и Shein, который в последние годы добился аналогичных успехов за пределами Китая, использует поток рекламы и скидок для привлечения новых пользователей. Его приложение часто отправляет уведомления о купонах и ограниченных по времени распродажах, побуждая клиентов возвращаться к широкому ассортименту товаров, включая одежду и электронику.\r\n\r\nPDD не раскрывает доходы Тему отдельно.\r\n\r\n«Temu растет быстро, но в очень небольших масштабах по сравнению с китайским бизнесом PDD», — сказал Бо Пей, аналитик US Tiger Securities. «Потребуется несколько лет, чтобы достичь масштаба, который внесет существенный вклад в доход».\r\n\r\nНесмотря на это, PDD по-прежнему сосредоточена на зарубежных операциях, потому что острая конкуренция внутри страны затрудняет достижение роста.\r\n\r\nПо данным Национального бюро статистики Китая, в прошлом году потребление товаров, продаваемых через Интернет, в Китае выросло всего на 6,2% до 11,9 трлн юаней (1,66 трлн долларов). Рост восстановился до 10,8% в первой половине этого года, когда в Китае закончились ограничения на COVID-19. Но PDD сталкивается с конкурентами, начиная от авторитетных игроков, таких как Alibaba и JD.com, и заканчивая платформами социальных сетей, которые расширились до электронной коммерции.\r\n\r\nВ США торговые платформы, принадлежащие китайцам, выросли до такой степени, что они перемещают рынок онлайн-рекламы. Бизнес онлайн-коммерции Meta, материнской компании Facebook, «выиграл от высоких расходов рекламодателей в Китае, которые привлекли клиентов на других рынках», — сказала финансовый директор Сьюзан Ли во время телефонного разговора о доходах за второй квартал.\r\n\r\nВ разгар драки 14 июля Тему подал иск в окружной суд США, утверждая, что Шеин нарушил антимонопольное законодательство. Согласно жалобе, Shein оказал давление на свою сеть из более чем 8000 поставщиков, чтобы они заключили эксклюзивные соглашения, по которым им не разрешается вести дела с Temu.\r\n\r\nЕсли бы Шейн не прибегал к такой антиконкурентной практике, «Temu перемещал бы в [в три-четыре раза] столько сверхбыстрых модных товаров, которые он в настоящее время перемещает ежедневно», — утверждается в иске.\r\n\r\nКонкуренция — не единственная причина для беспокойства на китайских онлайн-рынках. Американо-китайская комиссия по обзору экономики и безопасности, представляющая собой двухпартийную консультативную группу, подготовила отчет с именами Шейна и Тему в связи с опасениями по поводу принудительного труда в китайском регионе Синьцзян и нарушения прав интеллектуальной собственности.\r\n\r\nСпециальный комитет в Палате представителей США выпустил отдельный отчет, в котором говорится, что Шейн и Тему использовали лазейку, чтобы свести к минимуму вероятность того, что поставки будут проверены на наличие контента, созданного с использованием принудительного труда.",
    "publish": "2023-08-06T09:08:46Z",
    "created": "2023-08-06T09:09:30.485Z",
    "updated": "2023-08-06T09:09:30.485Z",
    "status": "PD",
    "author": 1
  }
},
{
  "model": "blog.post",
  "pk": 5,
  "fields": {
    "title": "Указ Байдена О Сдерживании Инвестиций В Китай Ожидается На Следующей Неделе — Источники",
    "slug": "ukaz-bajdena-o-sderzhivanii-investicij-v-kitaj-ozhidaetsya-na-sleduyushej-nedele-istochniki",
    "body": "Ожидается, что президент Джо Байден издаст свой долгожданный указ о проверке исходящих инвестиций в чувствительные технологии в Китай в начале следующей недели, сообщают источники, знакомые с этим вопросом.\r\n\r\nПодписывайтесь на наш Telegram-канал: https://t.me/chinastocksnet\r\nПодписывайтесь на наш YouTube-канал: https://www.youtube.com/ChinaStocks\r\nПредставитель Белого дома отказался от комментариев.\r\n\r\nЦель указа — не допустить, чтобы капитал и опыт США ускоряли разработку технологий, которые поддержали бы военную модернизацию Китая и угрожали национальной безопасности США.\r\n\r\nОжидается, что заказ будет направлен на частные инвестиции США, венчурный капитал и инвестиции в совместные предприятия в Китае в области полупроводников, квантовых вычислений и искусственного интеллекта. Большинство инвестиций, подпадающих под действие указа, требуют, чтобы правительство было уведомлено о них. Некоторые транзакции будут запрещены, сообщили источники.\r\n\r\n«Это заполняет пробел в нашем нынешнем режиме», — сказал Корделл Халл, бывший чиновник Министерства торговли США. «У нас есть запреты на экспорт технологий. У нас есть ограничения на входящие инвестиции. Это поможет заполнить этот пробел в финансировании и ноу-хау и даст правительству возможность видеть эти потоки капитала».\r\n\r\nОжидается, что правила вступят в силу не сразу, и администрация запросит комментарии к своим предложениям. Она уже провела встречи с заинтересованными сторонами и провела консультации с союзниками.\r\n\r\nЭта тема также поднималась в прошлом месяце во время встреч министра финансов США Джанет Йеллен с китайскими официальными лицами.\r\n\r\nНа брифинге с журналистами в конце своей поездки Йеллен сказала, что потенциальные ограничения были «строго нацелены и четко направлены на несколько секторов, в которых у нас есть конкретные проблемы национальной безопасности».\r\n\r\nОна сказала, что приказ будет принят прозрачным образом, в рамках процесса разработки правил, который позволит внести вклад общественности.\r\n\r\nОтвечая на вопрос об ожидаемом приказе, представитель посольства Китая в Вашингтоне Лю Пэнъюй сказал, что Соединенные Штаты «привычно политизируют вопросы технологий и торговли и используют их в качестве инструмента и оружия во имя национальной безопасности».\r\n\r\nПо его словам, Китай будет следить за развитием событий и твердо защищать свои права и интересы.\r\n\r\nЛора Блэк, бывший политический директор Комитета по иностранным инвестициям в Соединенных Штатах (CFIUS), которая рассматривает определенные сделки в США, сказала, что приказ не должен был установить «обратный CFIUS», потому что он не будет связан с делом. Рассмотрение будеи проходить в каждом конкретном случае, когда комитет очищает, смягчает или блокирует транзакцию. Однако ожидается запрет на определенные инвестиции, сказала она.\r\n\r\nДва источника сообщили, что брифинги ожидаются в понедельник, а объявление будет сделано во вторник. Но сроки менялись много раз до этого и могли снова.\r\n\r\nИсточники сообщили Reuters, что инвестиции, которые будут ограничены, как ожидается, будут соответствовать правилам экспортного контроля для Китая, изданным Министерством торговли США в октябре.\r\n\r\nЭмили Килкриз, бывший чиновник США, работавшая над инвестиционной политикой Китая, сказала, что США также пытаются определить, что считается искусственным интеллектом, и стремятся контролировать офшорные инвестиции американских граждан и компаний.\r\n\r\nОна охарактеризовала этот приказ как важный шаг в создании американской системы надзора для проверки транзакций в странах, вызывающих озабоченность, и сказала, что со временем ожидается ее расширение.\r\n\r\nОна также сказала, что США должны быть готовы к возмездию со стороны Китая. «Мы должны предвидеть это», — сказала она.\r\n\r\nНа прошлой неделе Сенат США принял отдельную поправку об иностранных инвестициях в находящийся на рассмотрении законопроект об оборонной политике. Это потенциальное законодательство требует уведомления об определенных исходящих инвестициях, но не содержит запретов.\r\n\r\n«Я давно призывал администрацию Байдена принять исполнительные меры для проверки инвестиций в секторы национальной безопасности, сделанных в вызывающих озабоченность странах, таких как Китайская Народная Республика», — заявил сенатор Боб Кейси, один из руководителей поправки, в своем заявлении. Пятница. Он сказал, что порядок будет подкреплен поправкой к Закону о прозрачности исходящих инвестиций.",
    "publish": "2023-08-06T09:10:01Z",
    "created": "2023-08-06T09:11:04.889Z",
    "updated": "2023-08-06T09:11:04.889Z",
    "status": "PD",
    "author": 1
  }
},
{
  "model": "blog.post",
  "pk": 6,
  "fields": {
    "title": "Материковый Китай Показал Документальный Фильм, Свидетельствующий О Военной Подготовке К Нападению На Тайвань И Готовности Пойти На Жертвы",
    "slug": "materikovyj-kitaj-pokazal-dokumentalnyj-film-svidetelstvuyushij-o-voennoj-podgotovke-k-napadeniyu-na-tajvan-i-gotovnosti-pojti-na-zhertvy",
    "body": "Пекин пытается послать убедительные сигналы о своей подготовке к нападению на Тайвань, а солдаты Народно-освободительной армии обещают пожертвовать собой.\r\n\r\nОбещания стали частью восьмисерийного документального сериала Zhu Meng, или «В погоне за мечтой», который транслировался по государственному телеканалу CCTV во вторник в ознаменование 96-летия НОАК. Сериал демонстрирует готовность военнослужащих сражаться «в любую секунду».\r\n\r\nВ одном из эпизодов пилот одного из самых современных истребителей-невидимок НОАК клянется в случае необходимости совершить атаку смертника.\r\n\r\n«Мой истребитель был бы моей последней ракетой, мчащейся навстречу врагу, если бы в реальном бою я израсходовал все свои боеприпасы», — сказал Ли Пэн, пилот J-20 из эскадрильи Ван Хай, аса в составе командования Восточного театра военных действий НОАК, который служит основной силой материка против Тайваня.\r\n\r\nЦзо Фэн, водолаз из подразделения тральщиков ВМС НОАК, разделяет это мнение.\r\n\r\n«Если разразится война и условия будут слишком сложными для безопасного обезвреживания морских мин в реальном бою, мы будем использовать наши собственные тела, чтобы расчистить безопасный путь для наших десантных сил», — сказал Цзо.\r\n\r\nВ документальном фильме представлены личные истории десятков солдат НОАК из разных служб и мест, показаны кадры военных учений, особенно вокруг Тайваня, и подтверждается, что «столетняя цель НОАК должна быть реализована».\r\n\r\nПекин считает самоуправляемый Тайвань отколовшейся провинцией и настаивает на том, что никогда не откажется от применения силы для ее возвращения. Большинство стран, включая США, не признают Тайвань в качестве независимого государства, но многие выступают против силового изменения статус-кво.\r\n\r\nОпасения по поводу конфликта вокруг острова возросли по мере ухудшения связей по обе стороны пролива и отношений между Пекином и Вашингтоном.\r\n\r\nНекоторые наблюдатели, такие как бывший глава Индо-Тихоокеанского командования США Филип Дэвидсон, заявили, что НОАК, вероятно, сделает этот шаг к 2027 году, крайнему сроку столетней цели НОАК стать вооруженными силами мирового уровня, периоду, названному окном Дэвидсона.\r\n\r\nДокументальный сериал предлагает обзор, хотя и ограниченный, сценариев операций НОАК, таких как захват господства в воздухе, контроль над морем и подавление информационных технологий перед высадкой морского десанта.\r\n\r\nЧасть сериала посвящена учениям «Джойнт сворд», которые прошли вокруг Тайваня в апреле в качестве демонстрации силы в ответ на визит президента Тайваня Цай Инвэнь в США .\r\n\r\nВан Синьцзе, член десантно-штурмовой группы НОАК, отрабатывает групповую атаку в сторону пляжа на амфибийном транспортном средстве под огневым прикрытием бомбардировщиков, ракет наземного и корабельного базирования, ракет и вертолетов.\r\n\r\n«Я хотел бы пойти и увидеть другую сторону пролива», — сказал Ван. — «Я готовился к этому дню».\r\n\r\nСогласно документальному фильму, Ли Юантун, который в возрасте 27 лет считается одним из самых молодых командиров воздушных миссий ВВС НОАК, изобрел тактику «двойной бомбардировки» для эффективного уничтожения скрытых подземных целей.\r\n\r\nОн был снят в кабине истребителя J-16 с видом на Центральный горный хребет Тайваня, когда пел «Мой боевой орел летает вокруг острова сокровищ», патриотическую песню Восточного командования театра военных действий о его тайваньских патрулях.\r\n\r\n«Если и наступит день, когда я действительно смогу гордиться собой, я думаю, что это будет день, когда наша страна воссоединится», — сказал Ли.\r\n\r\nВ документальном фильме также показаны кадры авианосца НОАК «Шаньдун», выпустившего четыре реактивных истребителя J-15 в атакующем строю во время плавания через Тайваньский пролив в этом году, и говорится, что истребители ВВС НОАК отогнали иностранные военные самолеты, играя в цыплят, ведя прямой удар головой на маневрах до близкого столкновения.\r\n\r\nВ фильме также показали тренировку для «самого жестокого» штурма городов на фоне предложения Вашингтона, подстегнутого уроками боевых действий в Украине, Тайваню закупить дешевое асимметричное оружие, такое как беспилотники, наземные и морские мины и ручные ракеты, при помощи обученных гражданских лиц.\r\n\r\n«Что касается городского боя, мясорубки современной войны, мы должны очень тщательно просчитывать», — сказал Фань Личжун, командир подразделения специальной тактики.\r\n\r\n«Конечно, было бы невероятно больно видеть потери наших товарищей на поле боя один за другим, но как командир я должен иметь не только рассудок и способность спокойно реагировать на чрезвычайные ситуации, но также идеи и понимание для совместной войны под современных условиях и всегда быть готовым к бою».\r\n\r\nВоенный комментатор Сун Чжунпин сказал, что документальный фильм был предназначен для демонстрации уверенности НОАК в отношении тайваньских сил обороны, но его сообщения также предназначаются для США.",
    "publish": "2023-08-06T09:39:53Z",
    "created": "2023-08-06T09:40:50.289Z",
    "updated": "2023-08-06T09:40:50.289Z",
    "status": "PD",
    "author": 1
  }
},
{
  "model": "blog.post",
  "pk": 7,
  "fields": {
    "title": "markdown post",
    "slug": "markdown-post",
    "body": "This is a post formatted with markdown\r\n--------------------------------------\r\n\r\n*This is emphasized* and **this is more emphasized**.\r\n\r\nHere is a list:\r\n\r\n* One\r\n* Two\r\n* Three\r\n\r\nAnd a [link to the Django website](https://www.djangoproject.com/).",
    "publish": "2023-08-06T12:35:08Z",
    "created": "2023-08-06T12:36:04.722Z",
    "updated": "2023-08-06T12:36:49.055Z",
    "status": "PD",
    "author": 1
  }
},
{
  "model": "blog.comment",
  "pk": 1,
  "fields": {
    "post": 6,
    "name": "ПУПС",
    "email": "maxkarbushev.com@gmail.com",
    "body": "China number ONE!",
    "created": "2023-08-06T10:29:29.194Z",
    "updated": "2023-08-06T10:29:29.194Z",
    "active": true
  }
},
{
  "model": "blog.comment",
  "pk": 2,
  "fields": {
    "post": 6,
    "name": "ПУПС2",
    "email": "asd@asd.ru",
    "body": "Сун Чжунпин ВПЕРЕД!",
    "created": "2023-08-06T10:30:24.585Z",
    "updated": "2023-08-06T10:30:24.585Z",
    "active": true
  }
},
{
  "model": "blog.comment",
  "pk": 3,
  "fields": {
    "post": 3,
    "name": "ПУПС",
    "email": "maxkarbushev.com@gmail.com",
    "body": "TECT",
    "created": "2023-08-06T12:06:04.722Z",
    "updated": "2023-08-06T12:06:04.722Z",
    "active": true
  }
},
{
  "model": "taggit.tag",
  "pk": 1,
  "fields": {
    "name": "смартфоны",
    "slug": "смартфоны"
  }
},
{
  "model": "taggit.tag",
  "pk": 2,
  "fields": {
    "name": "родительский контроль",
    "slug": "родительский-контроль"
  }
},
{
  "model": "taggit.tag",
  "pk": 3,
  "fields": {
    "name": "ограничения",
    "slug": "ограничения"
  }
},
{
  "model": "taggit.tag",
  "pk": 4,
  "fields": {
    "name": "parental control",
    "slug": "parental-control"
  }
},
{
  "model": "taggit.tag",
  "pk": 5,
  "fields": {
    "name": "smartphones",
    "slug": "smartphones"
  }
},
{
  "model": "taggit.tag",
  "pk": 6,
  "fields": {
    "name": "restrictions",
    "slug": "restrictions"
  }
},
{
  "model": "taggit.tag",
  "pk": 7,
  "fields": {
    "name": "USA",
    "slug": "usa"
  }
},
{
  "model": "taggit.tag",
  "pk": 8,
  "fields": {
    "name": "CHINA",
    "slug": "china"
  }
},
{
  "model": "taggit.tag",
  "pk": 9,
  "fields": {
    "name": "summit",
    "slug": "summit"
  }
},
{
  "model": "taggit.tag",
  "pk": 10,
  "fields": {
    "name": "Economy",
    "slug": "economy"
  }
},
{
  "model": "taggit.tag",
  "pk": 11,
  "fields": {
    "name": "China",
    "slug": "china_1"
  }
},
{
  "model": "taggit.tag",
  "pk": 12,
  "fields": {
    "name": "Amazon",
    "slug": "amazon"
  }
},
{
  "model": "taggit.tag",
  "pk": 13,
  "fields": {
    "name": "Temu",
    "slug": "temu"
  }
},
{
  "model": "taggit.tag",
  "pk": 14,
  "fields": {
    "name": "Shein",
    "slug": "shein"
  }
},
{
  "model": "taggit.tag",
  "pk": 15,
  "fields": {
    "name": "Investments",
    "slug": "investments"
  }
},
{
  "model": "taggit.tag",
  "pk": 16,
  "fields": {
    "name": "Taiwan",
    "slug": "taiwan"
  }
},
{
  "model": "taggit.tag",
  "pk": 17,
  "fields": {
    "name": "Markdown",
    "slug": "markdown"
  }
},
{
  "model": "taggit.taggeditem",
  "pk": 4,
  "fields": {
    "tag": 4,
    "content_type": 7,
    "object_id": 1
  }
},
{
  "model": "taggit.taggeditem",
  "pk": 5,
  "fields": {
    "tag": 5,
    "content_type": 7,
    "object_id": 1
  }
},
{
  "model": "taggit.taggeditem",
  "pk": 6,
  "fields": {
    "tag": 6,
    "content_type": 7,
    "object_id": 1
  }
},
{
  "model": "taggit.taggeditem",
  "pk": 7,
  "fields": {
    "tag": 8,
    "content_type": 7,
    "object_id": 2
  }
},
{
  "model": "taggit.taggeditem",
  "pk": 8,
  "fields": {
    "tag": 9,
    "content_type": 7,
    "object_id": 2
  }
},
{
  "model": "taggit.taggeditem",
  "pk": 9,
  "fields": {
    "tag": 7,
    "content_type": 7,
    "object_id": 2
  }
},
{
  "model": "taggit.taggeditem",
  "pk": 10,
  "fields": {
    "tag": 10,
    "content_type": 7,
    "object_id": 3
  }
},
{
  "model": "taggit.taggeditem",
  "pk": 11,
  "fields": {
    "tag": 11,
    "content_type": 7,
    "object_id": 3
  }
},
{
  "model": "taggit.taggeditem",
  "pk": 12,
  "fields": {
    "tag": 12,
    "content_type": 7,
    "object_id": 4
  }
},
{
  "model": "taggit.taggeditem",
  "pk": 13,
  "fields": {
    "tag": 13,
    "content_type": 7,
    "object_id": 4
  }
},
{
  "model": "taggit.taggeditem",
  "pk": 14,
  "fields": {
    "tag": 14,
    "content_type": 7,
    "object_id": 4
  }
},
{
  "model": "taggit.taggeditem",
  "pk": 15,
  "fields": {
    "tag": 7,
    "content_type": 7,
    "object_id": 4
  }
},
{
  "model": "taggit.taggeditem",
  "pk": 16,
  "fields": {
    "tag": 10,
    "content_type": 7,
    "object_id": 5
  }
},
{
  "model": "taggit.taggeditem",
  "pk": 17,
  "fields": {
    "tag": 11,
    "content_type": 7,
    "object_id": 5
  }
},
{
  "model": "taggit.taggeditem",
  "pk": 18,
  "fields": {
    "tag": 15,
    "content_type": 7,
    "object_id": 5
  }
},
{
  "model": "taggit.taggeditem",
  "pk": 19,
  "fields": {
    "tag": 16,
    "content_type": 7,
    "object_id": 6
  }
},
{
  "model": "taggit.taggeditem",
  "pk": 20,
  "fields": {
    "tag": 11,
    "content_type": 7,
    "object_id": 6
  }
},
{
  "model": "taggit.taggeditem",
  "pk": 21,
  "fields": {
    "tag": 17,
    "content_type": 7,
    "object_id": 7
  }
},
{
  "model": "sites.site",
  "pk": 1,
  "fields": {
    "domain": "localhost:8000",
    "name": "localhost:8000"
  }
}
]
